{"cameraMode":{"drawMode":0,"name":"Shaded","section":"Shading Mode"},"sceneLighting":true,"audioPlay":false,"sceneViewState":{"showFog":true,"showMaterialUpdate":false,"showSkybox":true,"showFlares":true,"showImageEffects":true,"showParticleSystems":true},"in2DMode":false,"pivot":{"x":19.528776168823243,"y":-6.21629524230957,"z":6.074515342712402},"rotation":{"x":0.5167862772941589,"y":-0.48319175839424136,"z":0.5030225515365601,"w":0.4964209198951721},"size":24.83010482788086,"orthographic":false}