{"cameraMode":{"drawMode":0,"name":"Shaded","section":"Shading Mode"},"sceneLighting":true,"audioPlay":false,"sceneViewState":{"showFog":true,"showMaterialUpdate":false,"showSkybox":true,"showFlares":true,"showImageEffects":true,"showParticleSystems":true},"in2DMode":false,"pivot":{"x":21.45292854309082,"y":-6.131640434265137,"z":-0.7877823114395142},"rotation":{"x":0.5167862772941589,"y":-0.48319175839424136,"z":0.5030225515365601,"w":0.4964209198951721},"size":17.848068237304689,"orthographic":false}