{"cameraMode":{"drawMode":0,"name":"Shaded","section":"Shading Mode"},"sceneLighting":false,"audioPlay":false,"sceneViewState":{"showFog":true,"showMaterialUpdate":false,"showSkybox":false,"showFlares":true,"showImageEffects":true,"showParticleSystems":true},"in2DMode":false,"pivot":{"x":13.003999710083008,"y":1.041100025177002,"z":-2.391000270843506},"rotation":{"x":0.3549395501613617,"y":-0.5978837013244629,"z":0.3332553207874298,"w":0.6367899775505066},"size":4.202668190002441,"orthographic":false}